school_code,prev_sat,SCHOOL OWNERSHIP,SCHOOL CATEGORY,SCHOOL TYPE,COMBINATIONS CATEGORY,ACADEMIC LEVEL CATEGORY,prev_gpa,gpa,sat,STUDENTS,TEACHERS,STUDENT-TEACHER RATIO,student_teacher_ratio,studying_hours,number_of_books,teacher_qualification
s0101,196.0,GOVERNMENT,BOYS ONLY,DAY AND BOARDING,MIXED,COMBINED OA,2.7577,3.0222,158.0,1515.0,80.0,19:1,18.9375,97.13292957242722,660,Advanced
s0108,280.0,GOVERNMENT,BOYS AND GIRLS,BOARDING,SCIENCE,COMBINED OA,2.7375,2.7662,390.0,1000.0,80.0,13:1,12.5,121.30196289837005,448,Intermediate
s0110,183.0,GOVERNMENT,BOYS ONLY,BOARDING,MIXED,COMBINED OA,1.6548,1.5956,163.0,730.0,60.0,12:1,12.166666666666666,87.37851955253814,253,Basic
s0113,22.0,PRIVATE,BOYS ONLY,BOARDING,MIXED,COMBINED OA,2.7576,2.7544,19.0,300.0,30.0,10:1,10.0,94.14848488841363,497,Intermediate
s0119,183.0,GOVERNMENT,BOYS ONLY,BOARDING,MIXED,COMBINED OA,1.6384,1.4167,162.0,820.0,70.0,12:1,11.714285714285714,7.804424339156881,291,Basic
s0120,463.0,GOVERNMENT,BOYS ONLY,BOARDING,MIXED,ALEVEL ONLY,2.4669,2.5287,535.0,900.0,30.0,30:1,30.0,70.21049981455512,617,Advanced
s0130,36.0,PRIVATE,BOYS ONLY,BOARDING,MIXED,COMBINED OA,2.2593,1.8509,57.0,300.0,30.0,10:1,10.0,73.96357220236777,537,Intermediate
s0133,342.0,GOVERNMENT,BOYS ONLY,BOARDING,MIXED,ALEVEL ONLY,2.5699,2.3275,402.0,800.0,40.0,20:1,20.0,111.15305790970908,300,Intermediate
s0140,133.0,GOVERNMENT,BOYS ONLY,BOARDING,MIXED,COMBINED OA,1.4749,1.3657,170.0,660.0,50.0,13:1,13.2,76.79106070799664,522,Basic
s0142,393.0,GOVERNMENT,BOYS ONLY,BOARDING,MIXED,ALEVEL ONLY,2.4296,2.4054,421.0,890.0,60.0,15:1,14.833333333333334,97.83603158318721,564,Intermediate
s0146,24.0,PRIVATE,BOYS ONLY,BOARDING,MIXED,COMBINED OA,3.0417,2.875,16.0,400.0,25.0,16:1,16.0,154.5165442812118,515,Advanced
s0150,452.0,GOVERNMENT,BOYS ONLY,BOARDING,MIXED,ALEVEL ONLY,2.6449,2.7454,457.0,850.0,35.0,24:1,24.285714285714285,152.6387274258347,354,Advanced
s0151,676.0,GOVERNMENT,BOYS ONLY,,MIXED,ALEVEL ONLY,2.2133,2.2929,585.0,1200.0,50.0,24:1,24.0,76.96361761270413,587,Advanced
s0154,3.0,PRIVATE,BOYS ONLY,BOARDING,MIXED,COMBINED OA,2.0556,1.9048,7.0,300.0,25.0,12:1,12.0,25.46299132795866,256,Basic
s0156,76.0,GOVERNMENT,BOYS AND GIRLS,BOARDING,SCIENCE,COMBINED OA,2.8838,2.6311,136.0,1070.0,69.0,16:1,15.507246376811594,107.17007889607237,616,Intermediate
s0158,427.0,GOVERNMENT,BOYS ONLY,BOARDING,MIXED,ALEVEL ONLY,2.4161,2.3992,492.0,1000.0,50.0,20:1,20.0,87.24731190156044,508,Intermediate
s0165,17.0,PRIVATE,BOYS ONLY,BOARDING,MIXED,COMBINED OA,2.0392,2.3025,27.0,220.0,20.0,11:1,11.0,107.13241328307375,610,Intermediate
s0167,19.0,PRIVATE,BOYS AND GIRLS,BOARDING,MIXED,COMBINED OA,2.9386,2.537,19.0,400.0,20.0,20:1,20.0,88.4075617287403,453,Intermediate
s0168,39.0,PRIVATE,BOYS ONLY,BOARDING,MIXED,COMBINED OA,2.1709,2.914,31.0,400.0,30.0,13:1,13.333333333333334,149.63664070617202,574,Advanced
s0182,33.0,PRIVATE,BOYS ONLY,DAY AND BOARDING,MIXED,COMBINED OA,3.0101,3.0513,13.0,170.0,19.0,9:1,8.947368421052632,143.94357964846594,656,Advanced
s0184,30.0,PRIVATE,BOYS AND GIRLS,BOARDING,MIXED,COMBINED OA,1.6222,2.0373,76.0,500.0,30.0,17:1,16.666666666666668,94.29302902290969,535,Intermediate
s0188,88.0,PRIVATE,BOYS AND GIRLS,BOARDING,MIXED,COMBINED OA,2.9242,2.9369,74.0,880.0,60.0,15:1,14.666666666666666,126.23820711822198,554,Intermediate
s0189,85.0,PRIVATE,BOYS ONLY,DAY AND BOARDING,MIXED,COMBINED OA,1.8216,1.6705,86.0,500.0,45.0,11:1,11.11111111111111,82.76315932224063,517,Basic
s0197,11.0,PRIVATE,BOYS AND GIRLS,DAY AND BOARDING,MIXED,COMBINED OA,3.6364,2.4667,10.0,400.0,20.0,20:1,20.0,104.47641959982276,428,Intermediate
s0202,476.0,GOVERNMENT,GIRLS ONLY,BOARDING,MIXED,ALEVEL ONLY,2.5826,2.414,438.0,800.0,40.0,20:1,20.0,77.12288701769,464,Advanced
s0203,290.0,GOVERNMENT,GIRLS ONLY,BOARDING,MIXED,COMBINED OA,2.9782,2.7222,273.0,770.0,65.0,12:1,11.846153846153847,60.61672971708529,703,Intermediate
s0204,156.0,GOVERNMENT,GIRLS ONLY,DAY AND BOARDING,MIXED,COMBINED OA,3.156,3.292,113.0,1251.0,67.0,19:1,18.671641791044777,116.97740745446345,859,Intermediate
s0205,35.0,PRIVATE,GIRLS ONLY,BOARDING,MIXED,COMBINED OA,2.7619,3.2604,64.0,800.0,40.0,20:1,20.0,140.2771987719531,634,Advanced
s0206,100.0,GOVERNMENT,GIRLS ONLY,BOARDING,MIXED,COMBINED OA,2.0217,1.822,88.0,650.0,50.0,13:1,13.0,55.783706994565236,40,Basic
s0209,386.0,GOVERNMENT,GIRLS ONLY,BOARDING,MIXED,COMBINED OA,2.8614,2.2433,387.0,500.0,40.0,13:1,12.5,62.677070280007584,600,Intermediate
s0214,145.0,GOVERNMENT,GIRLS ONLY,BOARDING,MIXED,COMBINED OA,1.6425,1.737,154.0,600.0,45.0,13:1,13.333333333333334,42.759159791174426,431,Basic
s0220,122.0,GOVERNMENT,GIRLS ONLY,BOARDING,MIXED,COMBINED OA,1.9699,1.757,107.0,700.0,50.0,14:1,14.0,83.01786784610535,274,Intermediate
s0224,41.0,PRIVATE,GIRLS ONLY,BOARDING,MIXED,COMBINED OA,1.9472,2.2625,40.0,500.0,30.0,17:1,16.666666666666668,64.63100529356048,630,Intermediate
s0228,385.0,GOVERNMENT,GIRLS ONLY,BOARDING,MIXED,ALEVEL ONLY,2.6671,2.9932,393.0,700.0,50.0,14:1,14.0,151.67363811658976,644,Advanced
s0233,286.0,PRIVATE,GIRLS ONLY,BOARDING,MIXED,COMBINED OA,1.7931,1.8023,344.0,500.0,45.0,11:1,11.11111111111111,69.05689387410956,425,Basic
s0234,10.0,PRIVATE,GIRLS ONLY,BOARDING,MIXED,COMBINED OA,3.5,3.2121,11.0,322.0,19.0,17:1,16.94736842105263,138.31940271460772,783,Advanced
s0235,10.0,PRIVATE,GIRLS ONLY,BOARDING,MIXED,COMBINED OA,2.8167,2.5,13.0,600.0,45.0,13:1,13.333333333333334,93.99814769139536,358,Advanced
s0241,27.0,PRIVATE,GIRLS ONLY,BOARDING,MIXED,COMBINED OA,3.0864,2.1364,11.0,500.0,40.0,13:1,12.5,111.06276951132422,470,Intermediate
s0248,81.0,PRIVATE,GIRLS ONLY,BOARDING,MIXED,COMBINED OA,1.9342,1.946,71.0,880.0,70.0,13:1,12.571428571428571,71.66858553703355,257,Basic
s0249,40.0,PRIVATE,GIRLS ONLY,DAY AND BOARDING,MIXED,COMBINED OA,2.6333,2.1609,29.0,500.0,30.0,17:1,16.666666666666668,92.82584667457914,321,Advanced
s0255,140.0,PRIVATE,GIRLS ONLY,BOARDING,MIXED,COMBINED OA,2.0845,1.9399,147.0,420.0,43.0,10:1,9.767441860465116,37.714678253805516,406,Basic
s0256,40.0,PRIVATE,GIRLS ONLY,BOARDING,MIXED,COMBINED OA,2.7625,2.2679,56.0,280.0,22.0,13:1,12.727272727272727,119.2864266021762,530,Intermediate
s0263,83.0,PRIVATE,GIRLS ONLY,BOARDING,MIXED,COMBINED OA,2.3173,2.3941,74.0,480.0,35.0,14:1,13.714285714285714,74.78094192077553,629,Intermediate
s0264,82.0,PRIVATE,GIRLS ONLY,BOARDING,MIXED,COMBINED OA,2.6667,2.2374,106.0,600.0,37.0,16:1,16.216216216216218,88.19987169535267,544,Intermediate
s0276,321.0,GOVERNMENT,GIRLS ONLY,BOARDING,MIXED,ALEVEL ONLY,3.0218,2.5867,321.0,700.0,25.0,28:1,28.0,100.27671423367059,635,Intermediate
s0283,5.0,PRIVATE,GIRLS ONLY,BOARDING,,,2.4333,2.4815,9.0,280.0,25.0,11:1,11.2,87.34611145891702,512,Intermediate
s0291,5.0,PRIVATE,BOYS AND GIRLS,BOARDING,,,3.5333,1.951,17.0,200.0,18.0,11:1,11.11111111111111,66.18808876619723,607,Intermediate
s0298,76.0,PRIVATE,GIRLS ONLY,DAY AND BOARDING,MIXED,COMBINED OA,1.9561,1.7706,77.0,325.0,30.0,11:1,10.833333333333334,95.29279545336367,571,Basic
s0305,27.0,PRIVATE,BOYS AND GIRLS,DAY AND BOARDING,MIXED,COMBINED OA,3.1667,3.2981,52.0,370.0,23.0,16:1,16.08695652173913,125.79329234885003,731,Basic
s0308,65.0,PRIVATE,BOYS AND GIRLS,DAY AND BOARDING,MIXED,COMBINED OA,2.5513,2.1549,71.0,810.0,50.0,16:1,16.2,98.98273149278353,407,Intermediate
s0313,80.0,PRIVATE,BOYS AND GIRLS,DAY AND BOARDING,ARTS,COMBINED OA,2.6563,2.7339,62.0,650.0,43.0,15:1,15.116279069767442,113.10822209280587,669,Advanced
s0332,289.0,GOVERNMENT,BOYS AND GIRLS,DAY AND BOARDING,MIXED,COMBINED OA,2.4273,2.1805,388.0,700.0,40.0,18:1,17.5,105.57806488306689,419,Advanced
s0333,370.0,GOVERNMENT,BOYS AND GIRLS,DAY AND BOARDING,MIXED,COMBINED OA,2.7766,2.3345,429.0,2000.0,100.0,20:1,20.0,107.21680793333749,539,Intermediate
s0342,59.0,PRIVATE,BOYS AND GIRLS,DAY,MIXED,COMBINED OA,3.1271,3.1974,65.0,1000.0,50.0,20:1,20.0,144.73012095573208,842,Basic
s0345,187.0,GOVERNMENT,BOYS AND GIRLS,DAY AND BOARDING,MIXED,COMBINED OA,3.3877,2.5053,189.0,1480.0,75.0,20:1,19.733333333333334,101.79098712109732,592,Intermediate
s0347,390.0,GOVERNMENT,BOYS AND GIRLS,DAY AND BOARDING,MIXED,ALEVEL ONLY,3.1679,3.2818,454.0,590.0,40.0,15:1,14.75,104.86502942661922,679,Advanced
s0351,377.0,GOVERNMENT,BOYS AND GIRLS,BOARDING,MIXED,ALEVEL ONLY,2.5115,2.6951,439.0,700.0,30.0,23:1,23.333333333333332,102.86823699277333,469,Intermediate
s0361,40.0,PRIVATE,BOYS AND GIRLS,DAY AND BOARDING,ARTS,COMBINED OA,2.9583,2.3465,38.0,1040.0,70.0,15:1,14.857142857142858,121.30190889376209,413,Intermediate
s0364,474.0,GOVERNMENT,BOYS ONLY,BOARDING,MIXED,ALEVEL ONLY,2.6188,2.4533,496.0,800.0,50.0,16:1,16.0,128.29836654104253,492,Intermediate
s0370,291.0,GOVERNMENT,GIRLS ONLY,BOARDING,MIXED,ALEVEL ONLY,2.9805,3.1174,281.0,800.0,35.0,23:1,22.857142857142858,138.421952697764,801,Advanced
s0387,30.0,PRIVATE,BOYS AND GIRLS,BOARDING,MIXED,COMBINED OA,2.8391,2.4593,45.0,566.0,24.0,0:1,23.583333333333332,79.80014519965464,716,Advanced
s0388,81.0,PRIVATE,BOYS AND GIRLS,BOARDING,MIXED,COMBINED OA,2.0885,2.3965,124.0,850.0,50.0,17:1,17.0,128.18194949090227,661,Intermediate
s0430,130.0,GOVERNMENT,BOYS AND GIRLS,DAY AND BOARDING,ARTS,COMBINED OA,2.6744,2.4038,149.0,881.0,58.0,15:1,15.189655172413794,95.81543377508252,454,Intermediate
s0443,107.0,PRIVATE,BOYS AND GIRLS,DAY AND BOARDING,MIXED,COMBINED OA,2.5967,2.5725,36.0,2650.0,75.0,0:1,35.333333333333336,102.0793792673775,588,Basic
s0446,50.0,GOVERNMENT,BOYS AND GIRLS,DAY AND BOARDING,,,2.7267,2.3819,79.0,439.0,31.0,14:1,14.161290322580646,81.30499889881844,590,Intermediate
s0448,129.0,GOVERNMENT,BOYS AND GIRLS,DAY AND BOARDING,MIXED,COMBINED OA,2.6576,2.4223,148.0,715.0,27.0,26:1,26.48148148148148,82.28260666289336,387,Basic
s0461,26.0,PRIVATE,BOYS AND GIRLS,DAY AND BOARDING,MIXED,COMBINED OA,2.9295,2.8778,15.0,500.0,30.0,17:1,16.666666666666668,166.32521858773055,787,Intermediate
s0473,33.0,PRIVATE,BOYS AND GIRLS,DAY AND BOARDING,MIXED,COMBINED OA,2.8485,2.3114,38.0,400.0,30.0,13:1,13.333333333333334,67.33004641695615,529,Advanced
s0489,92.0,PRIVATE,BOYS AND GIRLS,DAY AND BOARDING,MIXED,COMBINED OA,2.7446,2.7333,75.0,500.0,40.0,13:1,12.5,95.64812790090738,418,Intermediate
s0534,80.0,PRIVATE,BOYS AND GIRLS,BOARDING,MIXED,COMBINED OA,2.6854,2.6337,81.0,1600.0,76.0,21:1,21.05263157894737,123.5386978801051,742,Advanced
s0538,155.0,GOVERNMENT,BOYS AND GIRLS,BOARDING,MIXED,COMBINED OA,2.5516,2.3957,155.0,1200.0,71.0,17:1,16.901408450704224,92.8048524080608,474,Basic
s0551,171.0,GOVERNMENT,BOYS AND GIRLS,,ARTS,COMBINED OA,1.8158,1.6872,154.0,1117.0,32.0,35:1,34.90625,50.15445182263889,402,Intermediate
s0561,14.0,PRIVATE,BOYS AND GIRLS,DAY AND BOARDING,MIXED,COMBINED OA,2.9762,1.9583,4.0,480.0,30.0,16:1,16.0,79.94789065342187,474,Basic
s0578,78.0,PRIVATE,BOYS AND GIRLS,DAY,MIXED,COMBINED OA,2.8537,2.9797,83.0,1060.0,90.0,12:1,11.777777777777779,121.50740364997263,848,Intermediate
s0580,132.0,GOVERNMENT,BOYS AND GIRLS,DAY AND BOARDING,ARTS,COMBINED OA,2.5278,2.0931,136.0,1113.0,50.0,22:1,22.26,65.38475321751649,552,Intermediate
s0622,19.0,PRIVATE,GIRLS ONLY,BOARDING,MIXED,COMBINED OA,3.1754,3.2701,30.0,1000.0,50.0,20:1,20.0,145.7906365153676,700,Basic
s0629,162.0,PRIVATE,BOYS AND GIRLS,DAY AND BOARDING,MIXED,COMBINED OA,3.1204,3.0472,120.0,500.0,30.0,17:1,16.666666666666668,119.7859321758454,535,Advanced
s0668,241.0,GOVERNMENT,GIRLS ONLY,BOARDING,ARTS,ALEVEL ONLY,2.8769,2.572,220.0,420.0,30.0,14:1,14.0,119.44536061703101,521,Intermediate
s0671,37.0,PRIVATE,BOYS AND GIRLS,DAY AND BOARDING,MIXED,COMBINED OA,2.6171,2.7544,40.0,720.0,50.0,14:1,14.4,101.5197911788534,683,Intermediate
s0681,199.0,PRIVATE,BOYS AND GIRLS,BOARDING,ARTS,COMBINED OA,2.2253,1.9127,190.0,1800.0,43.0,42:1,41.86046511627907,102.79206528731999,499,Basic
s0686,178.0,GOVERNMENT,BOYS AND GIRLS,DAY AND BOARDING,MIXED,COMBINED OA,2.2875,2.3349,211.0,1042.0,41.0,25:1,25.414634146341463,67.68172245634752,524,Intermediate
s0692,30.0,PRIVATE,BOYS AND GIRLS,BOARDING,MIXED,COMBINED OA,2.6944,2.4412,34.0,500.0,30.0,17:1,16.666666666666668,78.4964404235783,528,Advanced
s0713,144.0,GOVERNMENT,BOYS AND GIRLS,DAY AND BOARDING,ARTS,COMBINED OA,1.6725,1.7516,104.0,750.0,24.0,31:1,31.25,56.47144138487165,386,Basic
s0729,61.0,PRIVATE,BOYS AND GIRLS,BOARDING,MIXED,COMBINED OA,1.9918,2.0216,77.0,620.0,55.0,11:1,11.272727272727273,107.46183316971361,404,Basic
s0731,71.0,PRIVATE,BOYS AND GIRLS,DAY AND BOARDING,MIXED,COMBINED OA,2.1549,2.3476,82.0,1826.0,115.0,16:1,15.878260869565217,52.41491700174467,525,Intermediate
s0748,45.0,PRIVATE,BOYS AND GIRLS,DAY AND BOARDING,ARTS,COMBINED OA,2.8185,2.7939,55.0,1020.0,70.0,15:1,14.571428571428571,80.72711816578641,605,Basic
s0751,230.0,PRIVATE,BOYS AND GIRLS,DAY AND BOARDING,MIXED,COMBINED OA,2.2058,2.1922,282.0,1200.0,46.0,26:1,26.08695652173913,81.7714817483012,371,Advanced
s0784,148.0,PRIVATE,BOYS AND GIRLS,DAY AND BOARDING,MIXED,COMBINED OA,3.042,2.8927,97.0,1250.0,80.0,16:1,15.625,97.89677236744139,515,Intermediate
s0800,89.0,PRIVATE,BOYS AND GIRLS,DAY AND BOARDING,MIXED,COMBINED OA,2.721,2.9063,96.0,1038.0,68.0,15:1,15.264705882352942,96.3421604670215,502,Intermediate
s0804,25.0,PRIVATE,BOYS AND GIRLS,DAY AND BOARDING,MIXED,COMBINED OA,3.12,2.7667,35.0,448.0,33.0,14:1,13.575757575757576,74.55920328041864,485,Advanced
s0862,6.0,PRIVATE,GIRLS ONLY,BOARDING,,,2.3056,2.25,6.0,360.0,30.0,12:1,12.0,91.49647555103847,573,Intermediate
s0867,511.0,PRIVATE,BOYS AND GIRLS,BOARDING,MIXED,COMBINED OA,2.1712,2.2142,445.0,500.0,30.0,17:1,16.666666666666668,114.0201215885213,590,Intermediate
s0883,22.0,PRIVATE,BOYS AND GIRLS,BOARDING,MIXED,COMBINED OA,3.3712,3.2971,23.0,620.0,50.0,12:1,12.4,113.22529920481651,618,Advanced
s0909,22.0,PRIVATE,BOYS AND GIRLS,DAY AND BOARDING,ARTS,COMBINED OA,2.6742,2.2323,133.0,250.0,15.0,17:1,16.666666666666668,105.6563754155637,435,Intermediate
s0927,101.0,GOVERNMENT,BOYS AND GIRLS,BOARDING,MIXED,COMBINED OA,2.8383,3.0941,85.0,903.0,36.0,25:1,25.083333333333332,133.19017100659036,754,Intermediate
s0948,54.0,GOVERNMENT,BOYS AND GIRLS,DAY,,,2.3148,2.035,100.0,500.0,30.0,17:1,16.666666666666668,92.78549784979255,439,Advanced
s0960,412.0,GOVERNMENT,BOYS AND GIRLS,DAY,MIXED,COMBINED OA,3.1545,3.1348,403.0,1800.0,90.0,20:1,20.0,118.05038096062587,877,Advanced
s1032,73.0,GOVERNMENT,BOYS ONLY,BOARDING,ARTS,ALEVEL ONLY,2.3014,2.3816,114.0,200.0,10.0,20:1,20.0,110.6972755806843,483,Intermediate
s1141,2.0,PRIVATE,BOYS AND GIRLS,BOARDING,MIXED,COMBINED OA,2.6667,1.75,2.0,1500.0,110.0,14:1,13.636363636363637,63.33792939378779,497,Intermediate
s1187,280.0,PRIVATE,BOYS AND GIRLS,BOARDING,MIXED,COMBINED OA,2.7411,2.2877,318.0,1100.0,50.0,22:1,22.0,70.79225582125997,477,Advanced
s1198,17.0,PRIVATE,BOYS AND GIRLS,DAY AND BOARDING,MIXED,COMBINED OA,2.4314,2.3158,19.0,560.0,29.0,19:1,19.310344827586206,74.23022533367643,486,Intermediate
s1251,122.0,GOVERNMENT,BOYS AND GIRLS,DAY AND BOARDING,ARTS,COMBINED OA,1.8142,1.6182,196.0,570.0,22.0,26:1,25.90909090909091,69.49071475807392,345,Intermediate
s1261,53.0,PRIVATE,BOYS AND GIRLS,DAY AND BOARDING,ARTS,COMBINED OA,2.4528,2.5766,37.0,600.0,30.0,20:1,20.0,118.00390678261297,522,Intermediate
s1268,124.0,GOVERNMENT,BOYS AND GIRLS,DAY AND BOARDING,MIXED,COMBINED OA,1.4288,1.8443,106.0,800.0,50.0,16:1,16.0,79.7261305352717,301,Intermediate
s1278,220.0,PRIVATE,BOYS AND GIRLS,DAY AND BOARDING,MIXED,COMBINED OA,2.425,2.3082,147.0,1000.0,30.0,33:1,33.333333333333336,134.9921067220816,565,Basic
s1284,14.0,PRIVATE,BOYS AND GIRLS,DAY AND BOARDING,MIXED,COMBINED OA,2.75,2.6563,17.0,440.0,30.0,15:1,14.666666666666666,125.76406324918278,534,Advanced
s1285,116.0,GOVERNMENT,BOYS AND GIRLS,DAY AND BOARDING,MIXED,COMBINED OA,3.3089,3.3183,133.0,682.0,42.0,0:1,16.238095238095237,130.49165693447722,665,Intermediate
s1434,13.0,PRIVATE,BOYS AND GIRLS,BOARDING,MIXED,COMBINED OA,3.0769,3.7381,7.0,600.0,30.0,20:1,20.0,149.56907306300604,823,Intermediate
s1442,77.0,GOVERNMENT,BOYS AND GIRLS,DAY AND BOARDING,ARTS,COMBINED OA,1.6342,1.7451,68.0,975.0,38.0,26:1,25.657894736842106,48.73398859363968,431,Advanced
s1450,45.0,PRIVATE,BOYS AND GIRLS,BOARDING,MIXED,COMBINED OA,2.4037,2.9281,102.0,300.0,20.0,15:1,15.0,124.8390176227303,557,Advanced
s1474,32.0,PRIVATE,BOYS AND GIRLS,BOARDING,MIXED,COMBINED OA,2.6771,2.0797,23.0,400.0,25.0,16:1,16.0,90.70625996315093,446,Intermediate
s1519,18.0,PRIVATE,BOYS AND GIRLS,DAY,MIXED,COMBINED OA,3.1481,2.402,34.0,144.0,12.0,12:1,12.0,98.18356505554246,577,Intermediate
s1522,103.0,PRIVATE,BOYS AND GIRLS,BOARDING,MIXED,COMBINED OA,2.8382,2.5105,79.0,530.0,45.0,12:1,11.777777777777779,96.76499993182955,434,Intermediate
s1599,382.0,PRIVATE,BOYS AND GIRLS,BOARDING,MIXED,COMBINED OA,2.4538,2.377,309.0,700.0,65.0,11:1,10.76923076923077,90.98807859773115,484,Intermediate
s1604,23.0,PRIVATE,BOYS ONLY,,SCIENCE,COMBINED OA,2.2464,2.3542,40.0,205.0,20.0,10:1,10.25,92.37094108102951,406,Intermediate
s1645,17.0,PRIVATE,BOYS AND GIRLS,DAY AND BOARDING,MIXED,COMBINED OA,2.6863,2.5359,51.0,820.0,32.0,26:1,25.625,103.27549527312951,611,Intermediate
s1757,113.0,PRIVATE,BOYS AND GIRLS,BOARDING,MIXED,COMBINED OA,2.531,2.7626,99.0,800.0,60.0,13:1,13.333333333333334,109.61906349243549,595,Intermediate
s1888,123.0,PRIVATE,BOYS AND GIRLS,DAY AND BOARDING,MIXED,COMBINED OA,1.9621,2.0152,111.0,150.0,12.0,13:1,12.5,71.92674088968603,509,Intermediate
s2010,10.0,PRIVATE,BOYS AND GIRLS,,MIXED,COMBINED OA,3.5167,3.3438,16.0,320.0,20.0,16:1,16.0,129.15436701169392,712,Intermediate
s2153,29.0,PRIVATE,BOYS AND GIRLS,DAY AND BOARDING,ARTS,COMBINED OA,2.8333,2.4008,42.0,300.0,12.0,25:1,25.0,118.54563411329264,629,Basic
s2178,37.0,PRIVATE,BOYS AND GIRLS,DAY AND BOARDING,MIXED,COMBINED OA,2.6892,2.2538,44.0,600.0,60.0,10:1,10.0,110.4904569671391,513,Intermediate
s2180,36.0,PRIVATE,BOYS AND GIRLS,BOARDING,MIXED,COMBINED OA,2.25,2.1375,41.0,500.0,30.0,17:1,16.666666666666668,84.14790588682877,500,Basic
s2191,60.0,GOVERNMENT,BOYS AND GIRLS,DAY AND BOARDING,ARTS,COMBINED OA,2.2444,2.0776,73.0,435.0,19.0,23:1,22.894736842105264,88.06031110146647,535,Intermediate
s2211,70.0,PRIVATE,BOYS AND GIRLS,BOARDING,MIXED,COMBINED OA,2.369,2.5203,41.0,400.0,40.0,10:1,10.0,105.55080944919956,576,Advanced
s2315,21.0,PRIVATE,GIRLS ONLY,BOARDING,SCIENCE,COMBINED OA,3.5794,3.2333,10.0,572.0,26.0,22:1,22.0,115.66862520728769,658,Intermediate
s2325,136.0,PRIVATE,GIRLS ONLY,BOARDING,MIXED,COMBINED OA,1.7426,1.7984,167.0,680.0,50.0,14:1,13.6,60.174054349413225,549,Basic
s2335,9.0,PRIVATE,BOYS AND GIRLS,BOARDING,MIXED,COMBINED OA,2.7407,2.1131,28.0,405.0,20.0,20:1,20.25,89.06143542720554,504,Intermediate
s2348,31.0,PRIVATE,BOYS ONLY,DAY AND BOARDING,MIXED,COMBINED OA,2.6452,2.0625,32.0,250.0,20.0,13:1,12.5,88.12110712738436,429,Advanced
s2359,42.0,PRIVATE,BOYS AND GIRLS,BOARDING,ARTS,COMBINED OA,2.496,2.2312,31.0,600.0,25.0,24:1,24.0,84.07175822186619,599,Basic
s2378,60.0,PRIVATE,BOYS AND GIRLS,DAY AND BOARDING,ARTS,COMBINED OA,2.7111,2.3651,46.0,700.0,40.0,18:1,17.5,106.60565234791675,491,Intermediate
s2499,115.0,PRIVATE,BOYS AND GIRLS,BOARDING,MIXED,COMBINED OA,2.6145,2.2235,88.0,1000.0,70.0,14:1,14.285714285714286,80.21484184765805,613,Intermediate
s2516,1.0,PRIVATE,BOYS AND GIRLS,DAY AND BOARDING,ARTS,COMBINED OA,,2.3056,12.0,320.0,16.0,20:1,20.0,105.82941500733193,502,Advanced
s2549,138.0,PRIVATE,BOYS AND GIRLS,DAY AND BOARDING,MIXED,COMBINED OA,2.3575,2.5362,138.0,600.0,50.0,12:1,12.0,106.25298221140527,612,Basic
s2655,35.0,PRIVATE,BOYS AND GIRLS,BOARDING,,,2.0524,2.0052,32.0,640.0,30.0,21:1,21.333333333333332,101.0117952263945,416,Intermediate
s3241,18.0,PRIVATE,GIRLS ONLY,BOARDING,MIXED,COMBINED OA,2.0926,2.6212,22.0,400.0,25.0,16:1,16.0,127.08690204924312,478,Advanced
s3470,32.0,PRIVATE,BOYS ONLY,BOARDING,MIXED,COMBINED OA,2.6563,2.8788,11.0,460.0,40.0,12:1,11.5,99.72064884331103,722,Advanced
s3532,31.0,PRIVATE,BOYS AND GIRLS,DAY AND BOARDING,MIXED,COMBINED OA,2.5484,2.3796,37.0,400.0,30.0,13:1,13.333333333333334,103.9285849022163,445,Intermediate
s3536,8.0,PRIVATE,BOYS AND GIRLS,BOARDING,MIXED,COMBINED OA,2.7083,2.6806,12.0,480.0,40.0,12:1,12.0,110.66971059282908,466,Intermediate
s3630,29.0,PRIVATE,BOYS AND GIRLS,DAY AND BOARDING,MIXED,COMBINED OA,2.3621,2.6944,24.0,725.0,36.0,20:1,20.13888888888889,93.63894724876948,718,Intermediate
s3646,22.0,PRIVATE,BOYS AND GIRLS,BOARDING,MIXED,COMBINED OA,2.2879,2.6146,16.0,290.0,20.0,15:1,14.5,66.87698739276766,567,Advanced
s3811,12.0,PRIVATE,BOYS AND GIRLS,BOARDING,MIXED,COMBINED OA,3.5833,3.0,7.0,160.0,12.0,13:1,13.333333333333334,69.6869115445502,653,Intermediate
s3838,23.0,PRIVATE,BOYS AND GIRLS,BOARDING,,,3.0,2.7984,63.0,480.0,30.0,16:1,16.0,132.7196986284674,543,Intermediate
s3881,132.0,PRIVATE,BOYS AND GIRLS,BOARDING,MIXED,COMBINED OA,1.2891,1.5084,119.0,210.0,20.0,11:1,10.5,73.21488894875972,372,Intermediate
s3885,70.0,PRIVATE,BOYS AND GIRLS,DAY AND BOARDING,MIXED,COMBINED OA,2.6,2.661,90.0,500.0,30.0,17:1,16.666666666666668,127.61885231456779,680,Basic
s3905,84.0,PRIVATE,BOYS ONLY,BOARDING,MIXED,COMBINED OA,1.5536,1.6826,94.0,510.0,30.0,17:1,17.0,52.22315084288105,374,Basic
s3914,389.0,PRIVATE,BOYS AND GIRLS,BOARDING,MIXED,COMBINED OA,2.9737,3.0131,297.0,3500.0,100.0,35:1,35.0,152.66657458483198,619,Advanced
s3941,162.0,GOVERNMENT,GIRLS ONLY,BOARDING,ARTS,ALEVEL ONLY,2.8158,3.0066,229.0,450.0,24.0,19:1,18.75,111.475391253166,732,Advanced
s4007,38.0,PRIVATE,BOYS AND GIRLS,DAY AND BOARDING,ARTS,COMBINED OA,2.3596,2.4792,16.0,370.0,25.0,15:1,14.8,73.7109712757845,582,Intermediate
s4014,41.0,PRIVATE,BOYS AND GIRLS,BOARDING,MIXED,COMBINED OA,3.1458,3.4074,27.0,360.0,30.0,12:1,12.0,141.88220817958165,762,Advanced
s4087,23.0,PRIVATE,BOYS AND GIRLS,BOARDING,SCIENCE,COMBINED OA,3.2391,2.7745,17.0,400.0,40.0,10:1,10.0,85.80531632599111,479,Intermediate
s4193,55.0,PRIVATE,GIRLS ONLY,BOARDING,MIXED,COMBINED OA,1.8576,1.9653,48.0,350.0,30.0,12:1,11.666666666666666,93.43461733663057,359,Intermediate
s4207,39.0,PRIVATE,GIRLS ONLY,BOARDING,MIXED,COMBINED OA,2.2521,2.478,53.0,420.0,35.0,12:1,12.0,94.77552409908424,512,Advanced
s4213,96.0,PRIVATE,BOYS ONLY,BOARDING,MIXED,COMBINED OA,1.4236,1.5476,77.0,690.0,50.0,14:1,13.8,58.53279418897509,575,Intermediate
s4217,21.0,PRIVATE,BOYS AND GIRLS,,MIXED,COMBINED OA,3.381,2.6296,27.0,500.0,30.0,17:1,16.666666666666668,130.76573698029708,558,Intermediate
s4351,68.0,PRIVATE,BOYS AND GIRLS,BOARDING,,,2.7083,2.4317,64.0,400.0,40.0,10:1,10.0,114.80438620192962,418,Intermediate
s4405,77.0,PRIVATE,BOYS ONLY,BOARDING,MIXED,COMBINED OA,2.7446,3.0606,110.0,600.0,45.0,13:1,13.333333333333334,104.38240455119926,622,Advanced
s4459,210.0,PRIVATE,BOYS AND GIRLS,BOARDING,MIXED,COMBINED OA,2.1746,1.9183,200.0,600.0,60.0,10:1,10.0,97.32600954923633,386,Basic
s4502,96.0,PRIVATE,BOYS AND GIRLS,DAY AND BOARDING,MIXED,COMBINED OA,3.6546,3.2083,29.0,300.0,30.0,10:1,10.0,114.32902874941018,685,Intermediate
s4555,36.0,PRIVATE,BOYS AND GIRLS,DAY AND BOARDING,,,3.2037,3.5524,35.0,200.0,16.0,13:1,12.5,159.5547331353929,783,Intermediate
s4565,25.0,PRIVATE,GIRLS ONLY,BOARDING,MIXED,COMBINED OA,2.3467,2.4636,87.0,300.0,30.0,10:1,10.0,74.87250330904436,598,Basic
s4569,51.0,PRIVATE,GIRLS ONLY,BOARDING,MIXED,COMBINED OA,2.5621,2.5449,52.0,450.0,30.0,15:1,15.0,76.37315906487211,676,Intermediate
s4624,40.0,PRIVATE,GIRLS ONLY,BOARDING,ARTS,COMBINED OA,2.4292,2.7207,37.0,300.0,20.0,15:1,15.0,124.76634553458831,532,Intermediate
s4628,30.0,PRIVATE,BOYS AND GIRLS,BOARDING,ARTS,COMBINED OA,2.3278,2.0931,35.0,460.0,35.0,13:1,13.142857142857142,108.24857055641289,533,Intermediate
s4631,106.0,PRIVATE,BOYS AND GIRLS,BOARDING,MIXED,COMBINED OA,2.2374,2.0988,162.0,400.0,30.0,13:1,13.333333333333334,67.6798557800433,519,Intermediate
s4645,10.0,PRIVATE,BOYS ONLY,BOARDING,MIXED,COMBINED OA,2.7833,2.3611,7.0,466.0,35.0,13:1,13.314285714285715,102.51232747320256,545,Advanced
s4692,230.0,PRIVATE,BOYS AND GIRLS,DAY AND BOARDING,MIXED,ALEVEL ONLY,2.242,2.3244,205.0,450.0,40.0,11:1,11.25,133.55157625814303,702,Intermediate
s4827,143.0,PRIVATE,BOYS AND GIRLS,BOARDING,MIXED,COMBINED OA,2.3217,2.276,125.0,800.0,45.0,18:1,17.77777777777778,116.51360318555099,509,Intermediate
s4836,17.0,PRIVATE,GIRLS ONLY,BOARDING,MIXED,COMBINED OA,3.2843,2.9444,9.0,500.0,30.0,17:1,16.666666666666668,130.9149653086438,615,Basic
s4875,54.0,PRIVATE,BOYS AND GIRLS,BOARDING,MIXED,COMBINED OA,2.2253,2.7993,58.0,400.0,40.0,10:1,10.0,140.32938503557713,635,Advanced
s4928,5.0,PRIVATE,BOYS ONLY,BOARDING,SCIENCE,COMBINED OA,3.4,3.2292,8.0,300.0,25.0,12:1,12.0,153.43643553219292,592,Intermediate
s4964,22.0,PRIVATE,BOYS AND GIRLS,BOARDING,SCIENCE,COMBINED OA,1.9318,1.9359,13.0,520.0,31.0,17:1,16.774193548387096,78.60418939703553,437,Intermediate
s5000,59.0,PRIVATE,GIRLS ONLY,BOARDING,MIXED,COMBINED OA,2.8333,2.4016,61.0,400.0,35.0,11:1,11.428571428571429,99.84985934704113,561,Intermediate
s5130,39.0,PRIVATE,BOYS ONLY,BOARDING,MIXED,COMBINED OA,1.9487,2.0583,40.0,180.0,15.0,12:1,12.0,97.00643432645313,466,Basic
s5145,211.0,GOVERNMENT,BOYS AND GIRLS,BOARDING,SCIENCE,ALEVEL ONLY,3.2678,2.7089,241.0,800.0,40.0,20:1,20.0,115.62728832947677,459,Intermediate
s5164,45.0,PRIVATE,BOYS AND GIRLS,DAY AND BOARDING,ARTS,COMBINED OA,2.2074,1.9125,40.0,450.0,35.0,13:1,12.857142857142858,101.65291838639725,271,Advanced
s5184,52.0,PRIVATE,BOYS AND GIRLS,BOARDING,MIXED,COMBINED OA,2.2628,2.5497,104.0,600.0,45.0,13:1,13.333333333333334,78.45517258515066,517,Basic
s5377,12.0,PRIVATE,BOYS AND GIRLS,DAY AND BOARDING,,,2.6806,3.1667,5.0,400.0,30.0,13:1,13.333333333333334,134.5790860721546,657,Advanced
s5379,52.0,PRIVATE,BOYS AND GIRLS,DAY AND BOARDING,,,1.8173,1.9483,29.0,210.0,20.0,11:1,10.5,107.96537455622516,466,Basic
